<?xml version="1.0" encoding="UTF-8"?>
<config xmlns="http://www.knime.org/2008/09/XMLConfig" xmlns:xsi="http://www.w3.org/2001/XMLSchema-instance" xsi:schemaLocation="http://www.knime.org/2008/09/XMLConfig http://www.knime.org/XMLConfig_2008_09.xsd" key="MiningSchema">
    <config key="learning">
        <entry key="array-size" type="xint" value="9"/>
        <entry key="0" type="xstring" value="Clump Thickness"/>
        <entry key="1" type="xstring" value="Uniformity of Cell Size"/>
        <entry key="2" type="xstring" value="Uniformity of Cell Shape"/>
        <entry key="3" type="xstring" value="Marginal Adhesion"/>
        <entry key="4" type="xstring" value="Single Epithelial Cell Size"/>
        <entry key="5" type="xstring" value="Bare Nuclei"/>
        <entry key="6" type="xstring" value="Bland Chromatin"/>
        <entry key="7" type="xstring" value="Normal Nucleoli"/>
        <entry key="8" type="xstring" value="Mitoses"/>
    </config>
    <config key="target">
        <entry key="array-size" type="xint" value="1"/>
        <entry key="0" type="xstring" value="Class"/>
    </config>
</config>
